L,X,mode,simulations,len_data
hs,0.05,bal,0.4300650808989429,732
hs,0.05,unbal1,0.3501628503993654,732
hs,0.05,unbal2,0.3501628503993654,732
hs,0.05,adj,0.3501628503993654,732
hs,0.1,bal,0.3458459334390177,732
hs,0.1,unbal1,0.3318165289338534,732
hs,0.1,unbal2,0.3318165289338534,732
hs,0.1,adj,0.49586870865017824,732
hs,0.15,bal,0.3318165289338534,732
hs,0.15,unbal1,0.3318165289338534,732
hs,0.15,unbal2,0.3318165289338534,732
hs,0.15,adj,0.4958687101252399,732
hs,0.2,bal,0.4917698799821729,732
hs,0.2,unbal1,0.3318165289338534,732
hs,0.2,unbal2,0.3318165289338534,732
hs,0.2,adj,0.3318165289338534,732
hs,0.25,bal,0.3318165289338534,732
hs,0.25,unbal1,0.3318165289338534,732
hs,0.25,unbal2,0.3318165289338534,732
hs,0.25,adj,0.3318165289338534,732
hs,0.3,bal,0.3318165289338534,732
hs,0.3,unbal1,0.3318165289338534,732
hs,0.3,unbal2,0.3318165289338534,732
hs,0.3,adj,0.3956319112318084,732
ol,0.05,bal,0.3009422520757533,540
ol,0.05,unbal1,0.3009422520757533,540
ol,0.05,unbal2,0.3009422520757533,540
ol,0.05,adj,0.3883175561299207,540
ol,0.1,bal,0.33127775488714917,540
ol,0.1,unbal1,0.33127775488714917,540
ol,0.1,unbal2,0.33127775488714917,540
ol,0.1,adj,0.33127775488714917,540
ol,0.15,bal,0.4770614289304097,540
ol,0.15,unbal1,0.33127775488714917,540
ol,0.15,unbal2,0.33127775488714917,540
ol,0.15,adj,0.4173064305568484,540
ol,0.2,bal,0.4641695922314526,540
ol,0.2,unbal1,0.33127775488714917,540
ol,0.2,unbal2,0.33127775488714917,540
ol,0.2,adj,0.4709744620611782,540
ol,0.25,bal,0.4481964002511948,540
ol,0.25,unbal1,0.33127775488714917,540
ol,0.25,unbal2,0.33127775488714917,540
ol,0.25,adj,0.33539297620678626,540
ol,0.3,bal,0.33127775488714917,540
ol,0.3,unbal1,0.33127775488714917,540
ol,0.3,unbal2,0.33127775488714917,540
ol,0.3,adj,0.3623330574447923,540
